,Equal-Weighted BAB,Value-Weighted BAB
Alpha (CAPM),0.023238368749834603,-0.09127700344056174
t-stat (CAPM),1.236497630142252,-4.121537543054785
R-squared (CAPM),0.5589027434357705,0.5534772769903944
Alpha (FF3),0.040102743989939085,-0.07825163683042204
t-stat (FF3),2.4505265728336125,-3.7881919398471036
R-squared (FF3),0.6680109829502987,0.6143911785812491
