,Equal-Weighted WML,Value-Weighted WML
Alpha (CAPM),-0.06765601154627929,-0.009195633744381468
t-stat (CAPM),-2.1173006723916368,-0.2686082419935302
R-squared (CAPM),0.1115050682069817,0.12503566169575586
Alpha (FF3),-0.04118146778725427,0.01026978532125601
t-stat (FF3),-1.3893497351573973,0.3093690410071383
R-squared (FF3),0.2401669788274955,0.18235429059063424
